username,realname
robross45,Robert Ross
AleksandrsBerdicevskis,Aleksandrs Berdicevskis
j-winters,James Winters
catherinesheard,Catherine Sheard
jsegoviamartin,José Segovia Martín
SamPassmore,Sam Passmore
angarikadeb,Angarika Deb
Etcolquhoun,Ewan Thomas-Colquhoun
izclif,Isobel Clifford
ruthsinger,Ruth Singer
matspike,Matt Spike
Ldwalmsley,Lachlan Walmsley
lindellb,Lindell Bromham
KitOpie,Kit Opie
ArchieH-B, Archie Humphreys-Balkwill
caraevans,Cara Evans
Chouilla,Shuya Zhang
christiankliesch,Christian Kliesch
